id,smiles,tags
743,CC(Cn1cccn1)NC1=NCCCS1,"{'AC curated INTERESTING', 'Knitwork pure merge', 'Cavity B merge', 'Fragmenstein placed', 'acceptable'}"
,,
778,CCS(=O)(=O)NCc1ccc(N2CCCc3ccccc32)nc1,"{'DF curated INTERESTING', 'Thumb Site 2 merge', 'Knitwork pure merge', 'Fragmenstein placed', 'acceptable'}"
,,
,,
,,
,,
,,
,,
,,
,,
,,
,,
983,CCS(=O)(=O)NCC1CCCC2CC12,"{'DF curated INTERESTING', 'Knitwork impure merge', 'Fragmenstein placed', 'Green Site/RNA tunnel merge'}"
1191,CCS(=O)(=O)NCC1CCCN(Cc2cccc3ccccc23)C1,"{'DF curated INTERESTING', 'Knitwork impure merge', 'AC curated INTERESTING', 'Fragmenstein placed', 'Green Site/RNA tunnel merge'}"
1194,CCS(=O)(=O)NCC1C=CCCCC1,"{'DF curated INTERESTING', 'Thumb Site 2 merge', 'Knitwork impure merge', 'Fragmenstein placed', 'acceptable'}"
1237,CCS(=O)(=O)N(C)C1CCN(C(=O)Cc2cccnc2)CC1,"{'Thumb Site 2 merge', 'AC curated INTERESTING', 'Knitwork pure merge', 'Fragmenstein placed', 'acceptable'}"
,,
1453,O=S(=O)(CCc1cnoc1)NC(c1ccncc1)C1CCC1,"{'DF curated INTERESTING', 'Thumb Site 2 merge', 'Knitwork impure merge', 'AC curated INTERESTING', 'Fragmenstein placed', 'acceptable'}"
1465,CCS(=O)(=O)NCC1CCCC2(CC2)C1,"{'DF curated INTERESTING', 'Thumb Site 2 merge', 'Knitwork impure merge', 'Fragmenstein placed', 'acceptable'}"
1504,O=S(=O)(CCc1cnoc1)NC(c1cccnc1)C1CC1,"{'DF curated INTERESTING', 'Thumb Site 2 merge', 'Knitwork impure merge', 'AC curated INTERESTING', 'Fragmenstein placed', 'acceptable'}"
1548,O=S(=O)(CCc1cnoc1)NC(c1ccccc1)c1cccnc1,"{'DF curated INTERESTING', 'Thumb Site 2 merge', 'Knitwork impure merge', 'AC curated INTERESTING', 'Knitwork pure merge', 'Fragmenstein placed', 'Green Site/RNA tunnel merge', 'acceptable'}"
1569,Cc1cnc(CC(=O)NCc2ccc(=O)[nH]n2)s1,"{'AC curated INTERESTING', 'Knitwork pure merge', 'Fragmenstein placed', 'Green Site/RNA tunnel merge'}"
1623,CCS(=O)(=O)NCc1cn(CCCn2cncn2)nn1,"{'Thumb Site 2 merge', 'Knitwork impure merge', 'AC curated INTERESTING', 'Fragmenstein placed', 'acceptable'}"
1778,O=C(O)c1csc(-c2ccc(=O)[nH]n2)n1,"{'AC curated INTERESTING', 'Knitwork pure merge', 'Fragmenstein placed', 'Green Site/RNA tunnel merge'}"
1905,NCc1csc(-c2ccc(=O)[nH]n2)n1,"{'AC curated INTERESTING', 'Knitwork impure merge', 'Fragmenstein placed', 'Green Site/RNA tunnel merge'}"
1941,CN(c1cccnc1)S(=O)(=O)CCC1CCCO1,"{'Thumb Site 2 merge', 'AC curated INTERESTING', 'Knitwork pure merge', 'Fragmenstein placed', 'acceptable'}"
2600,CC(C)(C)OCC(O)c1ccncn1,"{'Thumb Site 2 merge', 'Knitwork impure merge', 'AC curated INTERESTING', 'Fragmenstein placed', 'acceptable'}"
2614,CCCN(CCC)S(=O)(=O)NC(C)c1ncccn1,"{'AC curated INTERESTING', 'Knitwork impure merge', 'Fragmenstein placed', 'Green Site/RNA tunnel merge'}"
2658,CC(NS(=O)(=O)CC(C)(C)C#N)c1ncccn1,"{'Thumb Site 2 merge', 'Knitwork impure merge', 'AC curated INTERESTING', 'Fragmenstein placed', 'acceptable'}"
,,
,,
,,
,,
3859,CC(C)(C(=O)NCCN1CCCC1=O)c1cc(C(F)(F)F)ccn1,"{'JA curated INTERESTING', 'Knitwork pure merge', 'Fragmenstein placed', 'Green Site/RNA tunnel merge', 'acceptable'}"
3914,CCS(=O)(=O)NCC1CN(c2ncc(F)cn2)Cc2cncn21,"{'DF curated INTERESTING', 'AC curated INTERESTING', 'Knitwork pure merge', 'Fragmenstein placed', 'Green Site/RNA tunnel merge'}"
4621,O=C1CCCN1C1CCN(c2ncccc2OC(F)F)C1,"{'JA curated INTERESTING', 'Knitwork pure merge', 'Fragmenstein placed', 'Green Site/RNA tunnel merge', 'acceptable'}"
4670,CCCc1nnc(NS(=O)(=O)c2ccc3c(c2)OCCO3)s1,"{'Thumb Site 2 merge', 'Knitwork impure merge', 'AC curated INTERESTING', 'Fragmenstein placed', 'acceptable'}"
4745,O=c1ccc(-c2cccnc2)nn1Cc1nsc2ccccc12,"{'DF curated INTERESTING', 'Knitwork impure merge', 'AC curated INTERESTING', 'Fragmenstein placed', 'Green Site/RNA tunnel merge'}"
5076,CCCn1ccc(CNCc2ccc3c(n2)OCCO3)n1,"{'Thumb Site 2 merge', 'Knitwork impure merge', 'AC curated INTERESTING', 'Fragmenstein placed', 'acceptable'}"
5226,CCOC(=O)Cn1nc(-c2cccnc2)ccc1=O,"{'DF curated INTERESTING', 'Knitwork impure merge', 'Fragmenstein placed', 'Green Site/RNA tunnel merge'}"
5550,CC(C)(C)OCC(O)c1cscn1,"{'Knitwork impure merge', 'Fragmenstein placed', 'Green Site/RNA tunnel merge', 'AC curated YES'}"
5555,C=CCN(C)S(=O)(=O)NC(C)c1nccs1,"{'AC curated INTERESTING', 'Knitwork impure merge', 'Fragmenstein placed', 'Green Site/RNA tunnel merge'}"
5616,CC(NS(=O)(=O)CCCCC#N)c1nccs1,"{'Thumb Site 2 merge', 'Knitwork impure merge', 'AC curated INTERESTING', 'Fragmenstein placed', 'acceptable'}"
5663,CC(CC(C)C(F)F)NS(=O)(=O)Cc1cscn1,"{'Thumb Site 2 merge', 'Knitwork impure merge', 'AC curated INTERESTING', 'Fragmenstein placed', 'acceptable'}"
5802,CC(c1ccccc1)S(=O)(=O)NC(c1ncccn1)C1CC1,"{'DF curated INTERESTING', 'Thumb Site 2 merge', 'Knitwork impure merge', 'AC curated INTERESTING', 'Fragmenstein placed', 'acceptable'}"
5850,C=CC(C)(CC)NS(=O)(=O)c1cscn1,"{'DF curated INTERESTING', 'Thumb Site 2 merge', 'Knitwork impure merge', 'Fragmenstein placed', 'acceptable'}"
5927,CC(NS(=O)(=O)CC(C)C(C)(F)F)c1nccs1,"{'DF curated INTERESTING', 'Thumb Site 2 merge', 'Knitwork impure merge', 'Fragmenstein placed', 'acceptable'}"
6140,CC(NS(=O)(=O)CBr)c1cncs1,"{'DF curated INTERESTING', 'Thumb Site 2 merge', 'Knitwork impure merge', 'Fragmenstein placed', 'acceptable'}"
,,
6445,CCCCN(O)C(=O)c1ccccn1,"{'Thumb Site 2 merge', 'Knitwork impure merge', 'AC curated INTERESTING', 'Fragmenstein placed', 'acceptable'}"
6465,CC(CCNS(=O)(=O)Cc1ccncc1)C(F)F,"{'DF curated INTERESTING', 'Thumb Site 2 merge', 'Knitwork impure merge', 'Fragmenstein placed', 'acceptable'}"
6489,CCCC(NS(=O)(=O)CC(C)(C)C(F)(F)F)c1ccccn1,"{'Thumb Site 2 merge', 'Knitwork impure merge', 'AC curated INTERESTING', 'Fragmenstein placed', 'acceptable'}"
6527,CCC(NS(=O)(=O)N(C)C)c1ccncc1,"{'DF curated INTERESTING', 'Thumb Site 2 merge', 'Knitwork impure merge', 'AC curated YES', 'Fragmenstein placed', 'acceptable'}"
6543,CC(NS(=O)(=O)CC#N)c1ccccn1,"{'DF curated INTERESTING', 'Knitwork impure merge', 'Fragmenstein placed', 'Green Site/RNA tunnel merge'}"
6567,CCC(NS(=O)(=O)CCC(C)C)c1ccccn1,"{'DF curated INTERESTING', 'Knitwork impure merge', 'Fragmenstein placed', 'Green Site/RNA tunnel merge'}"
6634,CC(C)CC(C)CS(=O)(=O)NC(C)c1ccncc1,"{'DF curated INTERESTING', 'Thumb Site 2 merge', 'Knitwork impure merge', 'Fragmenstein placed', 'Green Site/RNA tunnel merge', 'acceptable'}"
6710,CC(C)C(NS(C)(=O)=O)c1ccncc1,"{'DF curated INTERESTING', 'Thumb Site 2 merge', 'Knitwork impure merge', 'Fragmenstein placed', 'acceptable'}"
6745,CC(NS(C)(=O)=O)c1ccccn1,"{'DF curated INTERESTING', 'Thumb Site 2 merge', 'Knitwork impure merge', 'Fragmenstein placed', 'acceptable'}"
6748,C=C(C(=O)OC)C(O)c1ccncc1,"{'Thumb Site 2 merge', 'Knitwork impure merge', 'AC curated INTERESTING', 'Fragmenstein placed', 'acceptable'}"
6935,CCCOCC(O)c1cccnc1,"{'Thumb Site 2 merge', 'Knitwork impure merge', 'AC curated INTERESTING', 'Fragmenstein placed', 'acceptable'}"
6945,CC(C)(C)OCC(O)c1ccccn1,"{'AC curated INTERESTING', 'Knitwork pure merge', 'Fragmenstein placed', 'Green Site/RNA tunnel merge'}"
6950,CCC(NS(=O)(=O)CCC(F)(F)C(F)F)c1cccnc1,"{'DF curated INTERESTING', 'Thumb Site 2 merge', 'Knitwork impure merge', 'AC curated YES', 'Fragmenstein placed', 'acceptable'}"
6954,O=C1C=C(c2ccccn2)CCCC1,"{'Thumb Site 2 merge', 'Knitwork impure merge', 'AC curated YES', 'Fragmenstein placed', 'acceptable'}"
,,
,,
8715,c1cc(-c2cnc[nH]2)ccn1,"{'Primer grip/N-pocket merge', 'Knitwork impure merge', 'DF curated YES', 'AC curated YES', 'Fragmenstein placed', 'acceptable'}"
9207,CCOC(=O)CC(C)OC(=O)c1ccnn1-c1ccncc1,"{'Primer grip/N-pocket merge', 'Knitwork impure merge', 'AC curated INTERESTING', 'Fragmenstein placed', 'Green Site/RNA tunnel merge', 'acceptable'}"
9237,C=C(Cn1ccnc1)C(=O)NC(CO)Cc1cccnc1,"{'Knitwork impure merge', 'Fragmenstein placed', 'Green Site/RNA tunnel merge', 'AC curated YES'}"
9420,O=C(C=Cc1cscn1)OCCCCC1CCCO1,"{'Primer grip/N-pocket merge', 'Knitwork impure merge', 'AC curated YES', 'Fragmenstein placed', 'acceptable'}"
10197,OC1(CNCc2ccn[nH]2)CCOC1,"{'Primer grip/N-pocket merge', 'AC curated INTERESTING', 'Knitwork pure merge', 'Fragmenstein placed', 'acceptable'}"
10237,CC1(CNCc2ccn[nH]2)CCOC1,"{'Primer grip/N-pocket merge', 'AC curated INTERESTING', 'Knitwork pure merge', 'Fragmenstein placed', 'acceptable'}"
10275,OC1COCC1CNCc1ccn[nH]1,"{'Primer grip/N-pocket merge', 'AC curated YES', 'Knitwork pure merge', 'Fragmenstein placed', 'acceptable'}"
10384,O=C(O)c1cc(S(=O)(=O)NCc2nccs2)c[nH]1,"{'Primer grip/N-pocket merge', 'Fragmenstein pure merge', 'Thumb Site 2 merge', 'AC curated INTERESTING', 'Knitwork pure merge', 'Fragmenstein placed', 'acceptable'}"
10412,COC(=O)CCN(Cc1cccnc1)S(=O)(=O)C1CCOC1,"{'Primer grip/N-pocket merge', 'AC curated YES', 'AC curated INTERESTING', 'Knitwork pure merge', 'Fragmenstein placed', 'acceptable'}"
11480,CC(Nc1cnc(-n2cccc2)cn1)c1ccccn1,"{'Primer grip/N-pocket merge', 'AC curated INTERESTING', 'Knitwork pure merge', 'Fragmenstein placed', 'acceptable'}"
11581,Cc1cnc(CNC(C)c2cncs2)[nH]1,"{'Primer grip/N-pocket merge', 'AC curated INTERESTING', 'Knitwork pure merge', 'Fragmenstein placed', 'acceptable'}"
11952,COC(=O)c1[nH]c(C(C)C)cc1-c1cn[nH]c1,"{'DF curated INTERESTING', 'Primer grip/N-pocket merge', 'Fragmenstein pure merge', 'Knitwork pure merge', 'Fragmenstein placed', 'acceptable'}"
12388,CC(n1nc(-c2cncs2)nc1-c1cc[nH]c1)C(F)(F)F,"{'Primer grip/N-pocket merge', 'AC curated INTERESTING', 'Knitwork pure merge', 'Fragmenstein placed', 'acceptable'}"
12483,Nc1cc(NCc2c[nH]cn2)ccn1,"{'Primer grip/N-pocket merge', 'DF curated YES', 'AC curated INTERESTING', 'Knitwork pure merge', 'Fragmenstein placed', 'acceptable'}"
12548,Cc1cnccc1NCc1c[nH]cn1,"{'Primer grip/N-pocket merge', 'DF curated YES', 'Knitwork pure merge', 'Fragmenstein placed', 'acceptable'}"
13088,COCCN(Cc1cncs1)C(=O)Cn1cnc(C(=O)O)c1,"{'Primer grip/N-pocket merge', 'Fragmenstein pure merge', 'Thumb Site 2 merge', 'AC curated INTERESTING', 'Knitwork pure merge', 'Fragmenstein placed', 'acceptable'}"
13403,O=C(CCC(=O)c1ccc[nH]1)OC(c1cccnc1)C(F)(F)F,"{'Primer grip/N-pocket merge', 'AC curated INTERESTING', 'Knitwork pure merge', 'Fragmenstein placed', 'acceptable'}"
13407,Cn1cncc1-c1nnc(C2CCCCN2)o1,"{'DF curated INTERESTING', 'Primer grip/N-pocket merge', 'Knitwork pure merge', 'Fragmenstein placed', 'acceptable'}"
13623,CC(Oc1cccnc1)C(=O)NCC(CO)c1cccnc1,"{'Primer grip/N-pocket merge', 'AC curated INTERESTING', 'Knitwork pure merge', 'Fragmenstein placed', 'acceptable'}"
13699,N#Cc1ccc(-c2cscn2)nc1C1CC1,"{'JA curated INTERESTING', 'Knitwork pure merge', 'Fragmenstein placed', 'Green Site/RNA tunnel merge', 'acceptable'}"
13838,CC(=O)NCCC(C)NC(=O)c1csc(-c2ccccn2)n1,"{'Primer grip/N-pocket merge', 'Fragmenstein pure merge', 'Thumb Site 2 merge', 'AC curated INTERESTING', 'Knitwork pure merge', 'Fragmenstein placed', 'acceptable'}"
13884,CC(C)CC(NC(=O)c1cnc(-c2ccccn2)s1)C(F)(F)F,"{'Primer grip/N-pocket merge', 'DF curated YES', 'Knitwork pure merge', 'Fragmenstein placed', 'acceptable'}"
14066,CC(O)c1ncc(CNC(CCc2ccccc2)CC(=O)O)s1,"{'Primer grip/N-pocket merge', 'Knitwork impure merge', 'AC curated INTERESTING', 'Fragmenstein placed', 'acceptable'}"
14067,CCc1ncc(CNC(CCc2ccccc2)CC(=O)O)s1,"{'AC curated INTERESTING', 'Knitwork pure merge', 'Fragmenstein placed', 'Green Site/RNA tunnel merge'}"
14551,Cc1ncsc1COC(=O)COc1ccsc1,"{'Primer grip/N-pocket merge', 'Knitwork impure merge', 'AC curated INTERESTING', 'Fragmenstein placed', 'acceptable'}"
14654,c1ccc(N2CCCOCC2)nc1,"{'DF curated INTERESTING', 'Knitwork impure merge', 'AC curated INTERESTING', 'Fragmenstein placed', 'Green Site/RNA tunnel merge'}"
14910,c1cc(N2CCCOCC2)ccn1,"{'DF curated INTERESTING', 'Primer grip/N-pocket merge', 'Knitwork impure merge', 'Fragmenstein placed', 'acceptable'}"
15070,CN(CCNC(=O)CC1CCCCO1)C(=O)c1cccnc1,"{'AC curated INTERESTING', 'Knitwork impure merge', 'Fragmenstein placed', 'Green Site/RNA tunnel merge'}"
15286,CC(C)c1[nH]ccc1C(=O)NCCN(CCO)C(=O)c1ccncc1,"{'Primer grip/N-pocket merge', 'Fragmenstein pure merge', 'Thumb Site 2 merge', 'AC curated INTERESTING', 'Knitwork pure merge', 'Fragmenstein placed', 'acceptable'}"
15419,CCN(CCNC(=O)c1ccncc1)C(=O)c1cc[nH]c1C(C)C,"{'Primer grip/N-pocket merge', 'Fragmenstein pure merge', 'Thumb Site 2 merge', 'AC curated INTERESTING', 'Knitwork pure merge', 'Fragmenstein placed', 'acceptable'}"
15932,CCc1nc(-n2cccc2)sc1C(=O)OC(C)CC,"{'Primer grip/N-pocket merge', 'AC curated INTERESTING', 'Knitwork pure merge', 'Fragmenstein placed', 'acceptable'}"
16080,CC(CNC(=O)c1ccc(-c2nc[nH]n2)nc1)c1ncc[nH]1,"{'Fragmenstein placed', 'Knitwork impure merge', 'DF curated YES', 'Green Site/RNA tunnel merge'}"
16150,O=C(NOC1CCOC1)N1CCN(c2cccnc2)C(=O)C1,"{'AC curated INTERESTING', 'Knitwork impure merge', 'Fragmenstein placed', 'Green Site/RNA tunnel merge'}"
16185,O=C1CN(c2nc(C3CCOC3)ns2)CCN1c1cccnc1,"{'Primer grip/N-pocket merge', 'Fragmenstein pure merge', 'Thumb Site 2 merge', 'AC curated INTERESTING', 'Knitwork pure merge', 'Fragmenstein placed', 'acceptable'}"
17030,CC(Nc1cccc(C2CC2)n1)c1cncs1,"{'JA curated INTERESTING', 'Knitwork pure merge', 'Fragmenstein placed', 'Green Site/RNA tunnel merge', 'acceptable'}"
17072,CC(NC(C)C1CCCO1)c1ccc(-c2cccnc2)cc1,"{'Primer grip/N-pocket merge', 'AC curated INTERESTING', 'Knitwork pure merge', 'Fragmenstein placed', 'acceptable'}"
17585,Cc1cnccc1NCc1cncs1,"{'DF curated INTERESTING', 'Primer grip/N-pocket merge', 'Knitwork pure merge', 'Fragmenstein placed', 'acceptable'}"
17667,CNc1ccnc(NCc2cncs2)c1,"{'DF curated INTERESTING', 'Primer grip/N-pocket merge', 'Fragmenstein pure merge', 'Thumb Site 2 merge', 'Knitwork pure merge', 'Fragmenstein placed', 'acceptable'}"
17764,CCC(NC(=O)Nc1ccc(OC(F)F)cn1)C1CCCO1,"{'Primer grip/N-pocket merge', 'AC curated INTERESTING', 'Knitwork pure merge', 'Fragmenstein placed', 'acceptable'}"
17958,Nc1cnccc1NCc1cncs1,"{'DF curated INTERESTING', 'Primer grip/N-pocket merge', 'Knitwork pure merge', 'Fragmenstein placed', 'acceptable'}"
18236,Clc1cc(NCc2ccn[nH]2)ccn1,"{'DF curated INTERESTING', 'Primer grip/N-pocket merge', 'Fragmenstein pure merge', 'Knitwork pure merge', 'Fragmenstein placed', 'Green Site/RNA tunnel merge', 'acceptable'}"
18275,CCC1OCCC1CNCc1cc[nH]n1,"{'AC curated INTERESTING', 'Knitwork impure merge', 'Fragmenstein placed', 'Green Site/RNA tunnel merge'}"
18302,Fc1cnccc1NCc1ccn[nH]1,"{'DF curated INTERESTING', 'Primer grip/N-pocket merge', 'Fragmenstein pure merge', 'Knitwork pure merge', 'Fragmenstein placed', 'Green Site/RNA tunnel merge', 'acceptable'}"
18620,C=CCNC(=O)c1ccc(N2CCC(c3ccn[nH]3)C2)nc1,"{'Primer grip/N-pocket merge', 'Fragmenstein pure merge', 'AC curated INTERESTING', 'Knitwork pure merge', 'Fragmenstein placed', 'Green Site/RNA tunnel merge', 'acceptable'}"
18861,CNS(=O)(=O)c1ccc(N2CCC(c3ccn[nH]3)C2)nc1,"{'Primer grip/N-pocket merge', 'AC curated INTERESTING', 'Knitwork pure merge', 'Fragmenstein placed', 'acceptable'}"
18883,CS(=N)(=O)c1ccc(N2CCC(c3ccn[nH]3)C2)nc1,"{'Primer grip/N-pocket merge', 'AC curated INTERESTING', 'Knitwork pure merge', 'Fragmenstein placed', 'acceptable'}"
18884,OCc1ccnc(N2CCC(c3ccn[nH]3)C2)c1,"{'Primer grip/N-pocket merge', 'AC curated INTERESTING', 'Knitwork pure merge', 'Fragmenstein placed', 'acceptable'}"
18885,CS(=O)(=O)c1ccc(N2CCC(c3ccn[nH]3)C2)nc1,"{'Primer grip/N-pocket merge', 'AC curated INTERESTING', 'Knitwork pure merge', 'Fragmenstein placed', 'acceptable'}"
19774,CC(NC(=O)c1ccnc(-n2cccc2)c1)c1ncc[nH]1,"{'Primer grip/N-pocket merge', 'DF curated YES', 'Knitwork pure merge', 'Fragmenstein placed', 'acceptable'}"
19954,O=C(CCCc1ccccc1)Nc1c[nH]nc1-c1ccccn1,"{'JA curated INTERESTING', 'Knitwork pure merge', 'Fragmenstein placed', 'Green Site/RNA tunnel merge', 'acceptable'}"
20751,CC(CC(=O)Nc1c[nH]nc1-c1nccs1)n1cccc1,"{'DF curated INTERESTING', 'Primer grip/N-pocket merge', 'Knitwork pure merge', 'Fragmenstein placed', 'acceptable'}"
21062,CC(=O)NCCN(Cc1ccsc1)C(=O)c1cnccc1O,"{'Primer grip/N-pocket merge', 'Knitwork impure merge', 'AC curated INTERESTING', 'Fragmenstein placed', 'acceptable'}"
21233,c1cncc(-c2nnc(-c3ccnc(-n4ccnc4)c3)o2)c1,"{'Knitwork impure merge', 'DF curated YES', 'AC curated INTERESTING', 'Fragmenstein placed', 'Green Site/RNA tunnel merge'}"
21483,CN(C)S(N)(=O)=NC(=O)c1cnn(C)c1-n1cccc1,"{'Primer grip/N-pocket merge', 'AC curated INTERESTING', 'Knitwork pure merge', 'Fragmenstein placed', 'acceptable'}"
21752,O=C(CCCn1ccnc1)NC(CO)C(O)c1cccnc1,"{'Primer grip/N-pocket merge', 'AC curated INTERESTING', 'Knitwork pure merge', 'Fragmenstein placed', 'acceptable'}"
22012,Cn1ncc(C(=O)OCCCCC(C)(F)F)c1-n1cccc1,"{'Primer grip/N-pocket merge', 'AC curated INTERESTING', 'Knitwork pure merge', 'Fragmenstein placed', 'acceptable'}"
22253,O=C(O)C1CCOC1CNCc1cncs1,"{'Primer grip/N-pocket merge', 'AC curated INTERESTING', 'Knitwork pure merge', 'Fragmenstein placed', 'acceptable'}"
22360,CCC1(C(N)c2cncs2)CCCO1,"{'Primer grip/N-pocket merge', 'AC curated INTERESTING', 'Knitwork pure merge', 'Fragmenstein placed', 'acceptable'}"
22539,CC(CC(=O)Nc1cn[nH]c1C#N)C1CCCO1,"{'DF curated INTERESTING', 'Knitwork impure merge', 'AC curated INTERESTING', 'Fragmenstein placed', 'Green Site/RNA tunnel merge'}"
22542,Cn1cc(C(=O)CNC(=O)C2CCCO2)cn1,"{'DF curated INTERESTING', 'Knitwork impure merge', 'Fragmenstein placed', 'Green Site/RNA tunnel merge'}"
22777,CC(C)(NCc1ccnn1C1CCCC1)C1CCCO1,"{'DF curated INTERESTING', 'Primer grip/N-pocket merge', 'Knitwork pure merge', 'Fragmenstein placed', 'acceptable'}"
22810,O=C(NCC1CCCO1)c1ccn(C2CCCC2)n1,"{'DF curated INTERESTING', 'Knitwork impure merge', 'Fragmenstein placed', 'Green Site/RNA tunnel merge'}"
23087,NCC1CC(CNCc2cncs2)CO1,"{'Primer grip/N-pocket merge', 'AC curated INTERESTING', 'Knitwork pure merge', 'Fragmenstein placed', 'acceptable'}"
23189,O=S(=O)(NCC1CCCO1)c1cnn(C2CCCC2)c1,"{'DF curated INTERESTING', 'Primer grip/N-pocket merge', 'AC curated INTERESTING', 'Knitwork pure merge', 'Fragmenstein placed', 'acceptable'}"
23249,CN(C)C(=O)Cn1ccc(NS(=O)(=O)N2CCCCC2)n1,"{'Primer grip/N-pocket merge', 'AC curated INTERESTING', 'Knitwork pure merge', 'Fragmenstein placed', 'acceptable'}"
23300,CC(Cc1cnc[nH]1)C(=O)NCc1nnc(N2CCCC2)o1,"{'Primer grip/N-pocket merge', 'AC curated INTERESTING', 'Knitwork pure merge', 'Fragmenstein placed', 'acceptable'}"
23454,c1nc(-c2n[nH]c3c2CCCC3)c[nH]1,"{'DF curated INTERESTING', 'Knitwork impure merge', 'AC curated INTERESTING', 'Fragmenstein placed', 'Green Site/RNA tunnel merge'}"
23751,CC(CNC(=O)Nc1ncc(CC2CCOCC2)s1)S(N)(=O)=O,"{'AC curated INTERESTING', 'Knitwork impure merge', 'Fragmenstein placed', 'Green Site/RNA tunnel merge'}"
24397,CSCC(C)CNC(C)c1cn(C)nc1C1CCOCC1,"{'Primer grip/N-pocket merge', 'Knitwork impure merge', 'AC curated INTERESTING', 'Fragmenstein placed', 'acceptable'}"
24657,CC(=Cc1ccccn1)C(=O)N(C)C1(C(=O)O)CCOC1,"{'Primer grip/N-pocket merge', 'Fragmenstein pure merge', 'AC curated INTERESTING', 'Knitwork pure merge', 'Fragmenstein placed', 'Green Site/RNA tunnel merge', 'acceptable'}"
25743,N#Cc1ccc(-c2nccs2)[nH]1,"{'DF curated INTERESTING', 'Primer grip/N-pocket merge', 'AC curated INTERESTING', 'Knitwork pure merge', 'Fragmenstein placed', 'acceptable'}"
26114,COCCNC(=O)CN(C)c1ccc(-c2ccncc2)cn1,"{'Primer grip/N-pocket merge', 'Fragmenstein pure merge', 'Thumb Site 2 merge', 'AC curated INTERESTING', 'Knitwork pure merge', 'Fragmenstein placed', 'acceptable'}"
26127,O=C(NC1CCC12CNC2)c1ccc(-c2ccncc2)nc1,"{'DF curated INTERESTING', 'Knitwork impure merge', 'AC curated INTERESTING', 'Fragmenstein placed', 'Green Site/RNA tunnel merge'}"
26252,CCCC(C(=O)Nc1ccncc1)c1ccccn1,"{'JA curated INTERESTING', 'Knitwork pure merge', 'Fragmenstein placed', 'Green Site/RNA tunnel merge', 'acceptable'}"
26822,c1cncc(Nc2ccc3ccccc3n2)c1,"{'JA curated INTERESTING', 'Knitwork pure merge', 'Fragmenstein placed', 'Green Site/RNA tunnel merge', 'acceptable'}"
26966,CC(O)CNC(=O)Nc1cccc2c1CN(c1ccccn1)C2,"{'JA curated INTERESTING', 'Knitwork pure merge', 'Fragmenstein placed', 'Green Site/RNA tunnel merge', 'acceptable'}"
28098,Cc1ccc(NC(=O)c2coc3ccccc23)c2cccnc12,"{'JA curated INTERESTING', 'Knitwork pure merge', 'Fragmenstein placed', 'Green Site/RNA tunnel merge', 'acceptable'}"
28593,c1cc(-c2ccncc2)c2cc[nH]c2c1,"{'JA curated INTERESTING', 'Knitwork pure merge', 'Fragmenstein placed', 'Green Site/RNA tunnel merge', 'acceptable'}"
28654,c1ccc(-c2cccc3c2CCCN3)nc1,"{'JA curated INTERESTING', 'Knitwork pure merge', 'Fragmenstein placed', 'Green Site/RNA tunnel merge', 'acceptable'}"
30341,c1ccc2c(-c3nccs3)nccc2c1,"{'JA curated INTERESTING', 'Knitwork pure merge', 'Fragmenstein placed', 'Green Site/RNA tunnel merge', 'acceptable'}"
30876,Cc1ccc(NC(=O)c2cccnc2)c2cccnc12,"{'JA curated INTERESTING', 'Knitwork pure merge', 'Fragmenstein placed', 'Green Site/RNA tunnel merge', 'acceptable'}"
30886,O=C(NCC(O)Cn1cccn1)Nc1cccc(Br)c1,"{'JA curated INTERESTING', 'Knitwork pure merge', 'Fragmenstein placed', 'Green Site/RNA tunnel merge', 'acceptable'}"
31378,c1ccc(-c2ccc3c(c2)CCCN3)nc1,"{'JA curated INTERESTING', 'Knitwork pure merge', 'Fragmenstein placed', 'Green Site/RNA tunnel merge', 'acceptable'}"
33061,CSc1ccnc(NC(=O)NCC(O)Cn2cccn2)c1,"{'JA curated INTERESTING', 'Knitwork pure merge', 'Fragmenstein placed', 'Green Site/RNA tunnel merge', 'acceptable'}"
33585,COc1ccc2cccc(NC(=O)NCC(C)O)c2n1,"{'JA curated INTERESTING', 'Knitwork pure merge', 'Fragmenstein placed', 'Green Site/RNA tunnel merge', 'acceptable'}"
34321,c1cncc(C2CCCC(NC3CNc4ccccc4C3)C2)c1,"{'JA curated INTERESTING', 'Knitwork pure merge', 'Fragmenstein placed', 'Green Site/RNA tunnel merge', 'acceptable'}"
34509,CC(NC(=O)NC1CNc2ccccc2C1)c1ccccn1,"{'JA curated INTERESTING', 'Knitwork pure merge', 'Fragmenstein placed', 'Green Site/RNA tunnel merge', 'acceptable'}"
34580,CCC(=O)Nc1ccccn1,"{'JA curated INTERESTING', 'Knitwork pure merge', 'Fragmenstein placed', 'Green Site/RNA tunnel merge', 'acceptable'}"
34586,O=C(NCC(O)Cn1cccn1)NC1CCCc2ccccc21,"{'JA curated INTERESTING', 'Knitwork pure merge', 'Fragmenstein placed', 'Green Site/RNA tunnel merge', 'acceptable'}"
34696,c1ccc(-n2nccc2CNc2ccc3ccoc3c2)nc1,"{'JA curated INTERESTING', 'Knitwork pure merge', 'Fragmenstein placed', 'Green Site/RNA tunnel merge', 'acceptable'}"
35145,CCCn1ccc2ccc(NC(=O)NCC(C)O)cc21,"{'JA curated INTERESTING', 'Knitwork pure merge', 'Fragmenstein placed', 'Green Site/RNA tunnel merge', 'acceptable'}"
35325,CC1Cc2ccccc2N(C(=O)C(F)(F)c2cccnc2)C1,"{'JA curated INTERESTING', 'Knitwork pure merge', 'Fragmenstein placed', 'Green Site/RNA tunnel merge', 'acceptable'}"
35403,Cc1csc(CN(C)C(=O)C(N)Cc2coc3ccccc23)n1,"{'JA curated INTERESTING', 'Knitwork pure merge', 'Fragmenstein placed', 'Green Site/RNA tunnel merge', 'acceptable'}"
37081,O=C(COC(=O)c1coc2ccccc12)c1c[nH]c2ccccc12,"{'JA curated INTERESTING', 'Knitwork pure merge', 'Fragmenstein placed', 'Green Site/RNA tunnel merge', 'acceptable'}"
37448,c1csc(Cc2ccc3c(c2)NCCC3)n1,"{'JA curated INTERESTING', 'Knitwork pure merge', 'Fragmenstein placed', 'Green Site/RNA tunnel merge', 'acceptable'}"
38982,O=C(Cn1ccc2ccc(Cl)cc21)NCc1cc2ccccc2o1,"{'JA curated INTERESTING', 'Knitwork pure merge', 'Fragmenstein placed', 'Green Site/RNA tunnel merge', 'acceptable'}"
40644,CC(C)c1csc(CCNS(=O)(=O)c2coc3ccccc23)n1,"{'JA curated INTERESTING', 'Knitwork pure merge', 'Fragmenstein placed', 'Green Site/RNA tunnel merge', 'acceptable'}"
40809,COc1ccc2c(CC(=O)OCC(=O)c3c[nH]c4ccccc34)coc2c1,"{'JA curated INTERESTING', 'Knitwork pure merge', 'Fragmenstein placed', 'Green Site/RNA tunnel merge', 'acceptable'}"
41552,O=C(Cc1ccn(C2CCCC2)n1)NCCN1CCCC1=O,"{'JA curated INTERESTING', 'Knitwork pure merge', 'Fragmenstein placed', 'Green Site/RNA tunnel merge', 'acceptable'}"
42494,CCNC(Cc1ccncc1)c1ccccn1,"{'JA curated INTERESTING', 'Knitwork pure merge', 'Fragmenstein placed', 'Green Site/RNA tunnel merge', 'acceptable'}"
45327,CC(O)CNC(=O)Nc1cccnc1N1CCCC1,"{'JA curated INTERESTING', 'Knitwork pure merge', 'Fragmenstein placed', 'Green Site/RNA tunnel merge', 'acceptable'}"
46078,CC(C)Cc1ccnc(NC(=O)NCC(C)O)c1,"{'JA curated INTERESTING', 'Knitwork pure merge', 'Fragmenstein placed', 'Green Site/RNA tunnel merge', 'acceptable'}"
48666,CN(CCC1NC(=O)NC1=O)C1(c2cccnc2)CC1,"{'JA curated INTERESTING', 'Knitwork pure merge', 'Fragmenstein placed', 'Green Site/RNA tunnel merge', 'acceptable'}"
53969,CC(O)CNC(=O)Nc1cccc(-n2cc(C(F)(F)F)cn2)c1,"{'JA curated INTERESTING', 'Knitwork pure merge', 'Fragmenstein placed', 'Green Site/RNA tunnel merge', 'acceptable'}"
54207,CC(OC(=O)C1CCc2ccccc21)c1cscn1,"{'JA curated INTERESTING', 'Knitwork pure merge', 'Fragmenstein placed', 'Green Site/RNA tunnel merge', 'acceptable'}"
54733,Cc1cc(NC(=O)NCC(C)O)nn1CC(F)(F)F,"{'JA curated INTERESTING', 'Knitwork pure merge', 'Fragmenstein placed', 'Green Site/RNA tunnel merge', 'acceptable'}"
55149,Cc1cc(NC(=O)NCC(C)O)nn1-c1ccccc1,"{'JA curated INTERESTING', 'Knitwork pure merge', 'Fragmenstein placed', 'Green Site/RNA tunnel merge', 'acceptable'}"
55174,CC(O)CNC(=O)Nc1ccn(-c2ncccn2)n1,"{'JA curated INTERESTING', 'Knitwork pure merge', 'Fragmenstein placed', 'Green Site/RNA tunnel merge', 'acceptable'}"
55996,Cc1cc(NC(=O)NCC(C)O)n(-c2ccccc2)n1,"{'JA curated INTERESTING', 'Knitwork pure merge', 'Fragmenstein placed', 'Green Site/RNA tunnel merge', 'acceptable'}"
57699,Cc1c[nH]c(N2CCCc3ccccc32)n1,"{'JA curated INTERESTING', 'Knitwork pure merge', 'Fragmenstein placed', 'Green Site/RNA tunnel merge', 'acceptable'}"
60288,CC(C)(C)c1cnc(N2CCOc3ccccc3C2)c(C#N)c1,"{'JA curated INTERESTING', 'Knitwork pure merge', 'Fragmenstein placed', 'Green Site/RNA tunnel merge', 'acceptable'}"
62405,Fc1cccnc1N1CCOc2ccccc2C1,"{'JA curated INTERESTING', 'Knitwork pure merge', 'Fragmenstein placed', 'Green Site/RNA tunnel merge', 'acceptable'}"
62406,Fc1ccc(N2CCOc3ccccc3C2)nc1,"{'JA curated INTERESTING', 'Knitwork pure merge', 'Fragmenstein placed', 'Green Site/RNA tunnel merge', 'acceptable'}"
63779,CCC(C(=O)OCc1ccc2ccccc2n1)N1CCCC1=O,"{'JA curated INTERESTING', 'Knitwork pure merge', 'Fragmenstein placed', 'Green Site/RNA tunnel merge', 'acceptable'}"
65064,Cc1ccc(C(C)Nc2nc3c(s2)CCCC3)nc1,"{'JA curated INTERESTING', 'Knitwork pure merge', 'Fragmenstein placed', 'Green Site/RNA tunnel merge', 'acceptable'}"
65404,CC(CN1CCCC1=O)NC(=O)c1cccc2ncccc12,"{'JA curated INTERESTING', 'Knitwork pure merge', 'Fragmenstein placed', 'Green Site/RNA tunnel merge', 'acceptable'}"
65520,O=C1CCCN1C1CCN(c2ccnc3cc(Br)ccc23)C1,"{'JA curated INTERESTING', 'Knitwork pure merge', 'Fragmenstein placed', 'Green Site/RNA tunnel merge', 'acceptable'}"
65644,O=C(NCCN1CCCC1=O)c1ccnc2ccccc12,"{'JA curated INTERESTING', 'Knitwork pure merge', 'Fragmenstein placed', 'Green Site/RNA tunnel merge', 'acceptable'}"
65984,Cc1cc2ccccc2c(N2CCCC2c2ccccn2)n1,"{'JA curated INTERESTING', 'Knitwork pure merge', 'Fragmenstein placed', 'Green Site/RNA tunnel merge', 'acceptable'}"
66289,COc1ccc2cc(CN)[nH]c2c1NC(C)=O,"{'Fragmenstein pure merge', 'DF curated YES', 'Cavity B merge', 'Fragmenstein placed', 'acceptable'}"
66810,COc1cc(CC2CCNC2)cc2[nH]ccc12,"{'DF curated INTERESTING', 'Fragmenstein pure merge', 'Fragmenstein placed', 'Green Site/RNA tunnel merge', 'acceptable'}"
66848,CN(c1nccc2cc(F)ccc12)S(N)(=O)=O,"{'DF curated INTERESTING', 'Fragmenstein pure merge', 'Fragmenstein placed', 'Green Site/RNA tunnel merge', 'acceptable'}"
67390,COc1cccc(S(=O)(=O)NC(=O)c2cc(-c3ccc(C#CCO)s3)c(C(C)c3c[nH]nc3-c3ccncc3)cc2OC)c1,"{'Primer grip/N-pocket merge', 'Fragmenstein pure merge', 'DF curated YES', 'Fragmenstein placed', 'acceptable'}"
67398,Cc1cc(C(C)c2c[nH]nc2-c2ccncc2)c(-c2ccc(C#CCO)s2)cc1C(=O)NS(C)(=O)=O,"{'Primer grip/N-pocket merge', 'Fragmenstein pure merge', 'DF curated YES', 'Fragmenstein placed', 'acceptable'}"
67403,O=C(Nc1ccn(Cc2cccnc2)c1)C1CCCO1,"{'SeeSAR', 'DF'}"
67404,Cc1sc(C(C)NC(=O)C(C)C)c(C)c1CCNc1ccn(Cc2cccnc2)c1,"{'Primer grip/N-pocket merge', 'Fragmenstein pure merge', 'AC curated INTERESTING', 'Fragmenstein placed', 'acceptable'}"
67405,c1cncc(Cn2ccc(Nc3cccnc3-n3cccc3)c2)c1,"{'DF curated INTERESTING', 'Primer grip/N-pocket merge', 'Fragmenstein pure merge', 'DF', 'SeeSAR', 'Fragmenstein placed', 'acceptable'}"
,,
67424,O=C(Nc1ccc(Cc2cccnc2)cn1)C1CCCO1,"{'SeeSAR', 'DF'}"
67427,Cc1ncc(Cc2ccc(NC(=O)C3CCCO3)nc2)s1,"{'SeeSAR', 'DF'}"
67659,COc1c(CC(=O)O)cc(CC(=O)O)cc1-c1ccc(C#CCO)s1,"{'Primer grip/N-pocket merge', 'Fragmenstein pure merge', 'DF curated YES', 'Fragmenstein placed', 'acceptable'}"
67718,O=C(O)Cc1cc(-c2ccccc2)cc(C(C(=O)O)c2cc(-c3ccncc3)n[nH]2)c1,"{'DF curated INTERESTING', 'Primer grip/N-pocket merge', 'Fragmenstein pure merge', 'Fragmenstein placed', 'acceptable'}"
67721,Nc1c(CC(=O)O)cc(CC(=O)O)cc1-c1ccccc1,"{'Primer grip/N-pocket merge', 'Fragmenstein pure merge', 'DF curated YES', 'AC curated YES', 'Fragmenstein placed', 'acceptable'}"
67990,Cc1cc2cccc(NCC3CCNC3)n2n1,"{'DF curated INTERESTING', 'Fragmenstein pure merge', 'Fragmenstein placed', 'Green Site/RNA tunnel merge', 'acceptable'}"
68657,Nc1nc(-c2ccc(N(CC(=O)N3CCOCC3)C3CCCCC3)cc2)cs1,"{'Fragmenstein pure merge', 'Thumb Site 2 merge', 'AC curated INTERESTING', 'Fragmenstein placed', 'acceptable'}"
,,
68673,CCc1c(NCc2ccc3c(c2)OCO3)n[nH]c1O,"{'DF curated INTERESTING', 'Fragmenstein pure merge', 'Thumb Site 2 merge', 'Fragmenstein placed', 'acceptable'}"
68932,Cc1cc(Cn2[nH]c3c(c2=O)CCCC3)on1,"{'DF curated INTERESTING', 'Fragmenstein pure merge', 'Thumb Site 2 merge', 'Fragmenstein placed', 'acceptable'}"
68987,CC1CCN(S(=O)(=O)N2CC(c3ccccc3)C2)C1,"{'DF curated INTERESTING', 'Fragmenstein pure merge', 'Thumb Site 2 merge', 'Fragmenstein placed', 'acceptable'}"
69057,Cc1cnc(N(C)CC2CCOC2)c(Cl)c1,"{'DF curated INTERESTING', 'Fragmenstein pure merge', 'Thumb Site 2 merge', 'Fragmenstein placed', 'acceptable'}"
69116,N#Cc1ccc(Cn2cnc3ccccc32)cc1O,"{'DF curated INTERESTING', 'Fragmenstein pure merge', 'Thumb Site 2 merge', 'Fragmenstein placed', 'acceptable'}"
,,
70811,Nc1cccnc1-n1ccc(C#CCO)c1,"{'SeeSAR', 'DF'}"
70812,COc1cccnc1-n1ccc(C#CCO)c1,"{'SeeSAR', 'DF'}"
70813,CNc1cccnc1-n1ccc(C#CCO)c1,"{'SeeSAR', 'DF'}"
70814,COc1c(CC(=O)[O-])cc(CC(=O)[O-])nc1-n1ccc(C#CCO)c1,"{'SeeSAR', 'DF'}"
70815,COc1ccc(C(=O)NS(C)(=O)=O)nc1-n1ccc(C#CCO)c1,"{'SeeSAR', 'DF'}"
70816,COc1ccc(C(=O)NS(C)(=O)=O)nc1-n1cccc1,"{'SeeSAR', 'DF'}"
70817,COc1cc(C)cnc1-n1ccc(C#CCO)c1,"{'SeeSAR', 'DF'}"
70818,COc1cc(C)c(C(=O)NS(=O)(=O)c2cccc3cccnc23)nc1-n1ccc(C#CCO)c1,"{'SeeSAR', 'DF'}"
70819,COc1ccc(C(=O)NS(=O)(=O)c2cccc3cccnc23)nc1-n1ccc(C#CCO)c1,"{'SeeSAR', 'DF'}"
70820,CNc1ccc(C(=O)NS(=O)(=O)c2cccc3cccnc23)nc1-n1ccc(C#CCO)c1,"{'SeeSAR', 'DF'}"
70821,COc1cc(C)c(C(=O)NS(=O)(=O)c2cccc3cccnc23)nc1-n1ccc(C)c1,"{'SeeSAR', 'DF'}"
70822,COc1cc(C)c(C(=O)NS(C)(=O)=O)nc1-n1ccc(C)c1,"{'SeeSAR', 'DF'}"
70823,Cc1cnc(-n2ccc(C#CCO)c2)c(OC2=C(c3ccncc3)N=NC2)c1,"{'SeeSAR', 'DF'}"
70824,Cc1cnc(-n2ccc(C#CCO)c2)c(NC2=C(c3ccncc3)N=NC2)c1,"{'SeeSAR', 'DF'}"
70825,Cc1ccc(-c2ccc(C#CCO)s2)c(NC2=C(c3ccncc3)N=NC2)c1,"{'SeeSAR', 'DF'}"
70826,Cc1ccc(-c2ccc(C#CCO)s2)c(OC2=C(c3ccncc3)N=NC2)c1,"{'SeeSAR', 'DF'}"
70827,Cc1cnc(-n2ccc(C#CCO)c2)c(Oc2ccn(Cc3cccnc3)c2)c1,"{'SeeSAR', 'DF'}"
70828,Cc1cnc(-n2ccc(C#CCO)c2)c(Nc2ccn(Cc3cccnc3)c2)c1,"{'SeeSAR', 'DF'}"
70829,Cc1ccc(-c2ccc(C#CCO)s2)c(Nc2ccn(Cc3cccnc3)c2)c1,"{'SeeSAR', 'DF'}"
70830,Cc1ccc(-c2ccc(C#CCO)s2)c(Oc2ccn(Cc3cccnc3)c2)c1,"{'SeeSAR', 'DF'}"
70831,Nc1c(-c2c[nH]cn2)ccnc1-n1cccc1,"{'SeeSAR', 'DF'}"
70832,NC(=O)N1CCN(c2cccnc2-n2cccc2)CC1,"{'SeeSAR', 'DF'}"
70833,c1ccn(-c2nccc3nc(N4CCNCC4)[nH]c23)c1,"{'SeeSAR', 'DF'}"
70834,c1ccn(-c2nccc3c2N=C(N2CCNCC2)C3)c1,"{'SeeSAR', 'DF'}"
70835,c1ccn(-c2nccc3sc(N4CCNCC4)nc23)c1,"{'SeeSAR', 'DF'}"
70836,c1ccn(-c2nccc3oc(N4CCNCC4)nc23)c1,"{'SeeSAR', 'DF'}"
70837,NC(=O)N1CCN(C(=O)c2cccnc2-n2cccc2)CC1,"{'SeeSAR', 'DF'}"
70838,c1ccn(-c2cc(-c3cn[nH]c3-c3ccncc3)ccn2)c1,"{'SeeSAR', 'DF'}"
70839,c1cncc(Cn2ccc(-c3cccnc3-n3cccc3)c2)c1,"{'SeeSAR', 'DF'}"
70840,Nc1c(-c2cn[nH]c2-c2ccncc2)ccnc1-n1cccc1,"{'SeeSAR', 'DF'}"
70841,NC(=O)N1CCN(c2nc3c(-n4cccc4)nccc3o2)CC1,"{'SeeSAR', 'DF'}"
70842,NC(=O)N1CCN(c2nc3c(-n4cccc4)nccc3s2)CC1,"{'SeeSAR', 'DF'}"
70843,c1cnc(-n2cccc2)c(NCc2c[nH]nc2-c2ccncc2)c1,"{'SeeSAR', 'DF'}"
70844,c1cnc(-n2cccc2)c(CNc2cn[nH]c2-c2ccncc2)c1,"{'SeeSAR', 'DF'}"
70845,c1cnc(-n2cccc2)c(CCc2c[nH]nc2-c2ccncc2)c1,"{'SeeSAR', 'DF'}"
70846,c1cnc(-n2cccc2)c(CSc2c[nH]nc2-c2ccncc2)c1,"{'SeeSAR', 'DF'}"
70847,c1cnc(-n2cccc2)c(SCc2cn[nH]c2-c2ccncc2)c1,"{'SeeSAR', 'DF'}"
70848,c1cnc(-n2cccc2)c(COc2cn[nH]c2-c2ccncc2)c1,"{'SeeSAR', 'DF'}"
70849,c1cnc(-n2cccc2)c(OCc2c[nH]nc2-c2ccncc2)c1,"{'SeeSAR', 'DF'}"
70850,CCS(=O)(=O)NCc1ccc(NC2CCOCC2)nc1,"{'SeeSAR', 'DF'}"
70851,CCS(=O)(=O)NCc1ccc(OC2CCOCC2)nc1,"{'SeeSAR', 'DF'}"
70852,CCS(=O)(=O)NCc1ccc(CC2CCOCC2)nc1,"{'SeeSAR', 'DF'}"
70853,Cc1cc(Cn2nc(-c3cncc(F)c3)ccc2=O)on1,"{'SeeSAR', 'DF'}"
70854,CNS(=O)(=O)c1cccc2c(=O)n(Cc3cc(C)no3)nc(C)c12,"{'SeeSAR', 'DF'}"
70855,Nc1nc(-c2ccc(Nc3ccc(-c4cc(CC(=O)O)cc(CC(=O)O)c4)s3)cc2)cs1,"{'SeeSAR', 'DF'}"